num_nodes,num_edges,density,cluster_coefficient,centralization
128,463.6666666666667,0.030257761478424072,0.41388988494873047,0.10020681222279866
